;num_rooms;m2;price;zip_code;scraping_date
0;4.0;140;690000;9475;2021-12-01
1;2.5;89;720000;8355;2021-12-01
2;5.5;210;915000;8355;2021-12-01
3;3.5;132;995000;8355;2021-12-01
5;2.5;60;550000;5000;2021-12-01
6;3.5;83;590000;5000;2021-12-01
7;4.5;96;795000;5000;2021-12-01
8;3.5;89;850000;5000;2021-12-01
9;5.0;156;1390000;5000;2021-12-01
10;4.5;86;525000;5004;2021-12-01
11;4.5;98;650000;5004;2021-12-01
12;4.5;97;695000;5004;2021-12-01
13;4.5;100;920000;5004;2021-12-01
14;2.5;60;550000;5032;2021-12-01
15;3.5;89;850000;5032;2021-12-01
16;3.5;80;530000;3270;2021-12-01
17;2.5;90;495000;4663;2021-12-01
18;4.5;128;950000;4663;2021-12-01
19;4.5;128;950000;4663;2021-12-01
20;4.5;187;965000;4663;2021-12-01
21;5.5;179;1055000;4663;2021-12-01
22;3.5;77;430000;4912;2021-12-01
24;3.5;122;790000;5646;2021-12-01
25;4.5;82;540000;9030;2021-12-01
26;6.0;120;85000;6716;2021-12-01
27;1.5;25;155000;6716;2021-12-01
28;3.5;67;385000;6716;2021-12-01
29;3.5;100;545000;6716;2021-12-01
30;4.5;105;795000;3715;2021-12-01
32;4.5;112;690000;8345;2021-12-01
33;4.0;85;680000;8106;2021-12-01
34;3.5;103;1190000;8106;2021-12-01
35;4.5;130;1590000;8106;2021-12-01
39;2.5;54;550000;8134;2021-12-01
40;3.5;77;780000;8134;2021-12-01
41;4.0;85;915000;8134;2021-12-01
42;3.5;91;1265000;8134;2021-12-01
43;3.5;94;750000;8412;2021-12-01
44;5.5;140;1030000;8412;2021-12-01
46;2.5;69;544000;4147;2021-12-01
47;3.5;95;639000;4147;2021-12-01
48;3.5;97;742000;4147;2021-12-01
49;4.5;93;750000;4147;2021-12-01
50;4.5;120;780000;4147;2021-12-01
52;4.0;123;890000;4147;2021-12-01
53;3.5;99;990000;4147;2021-12-01
55;3.5;111;1160000;4147;2021-12-01
57;3.5;111;1170000;4147;2021-12-01
58;5.5;39;1205000;4147;2021-12-01
59;4.5;128;1375000;4147;2021-12-01
60;4.5;128;1400000;4147;2021-12-01
63;4.5;125;645000;6287;2021-12-01
64;5.5;170;875000;6287;2021-12-01
67;4.5;120;980000;3703;2021-12-01
68;4.5;151;960000;3656;2021-12-01
69;4.5;123;1150000;8914;2021-12-01
70;3.5;91;635000;9556;2021-12-01
71;3.5;1126;735000;9556;2021-12-01
72;3.5;126;735000;9556;2021-12-01
73;4.5;150;795000;9556;2021-12-01
74;5.0;85;950000;8910;2021-12-01
75;4.5;126;1260000;8910;2021-12-01
76;4.5;150;1290000;8910;2021-12-01
78;4.5;103;280000;3951;2021-12-01
79;4.5;137;490000;3951;2021-12-01
80;5.5;161;540000;3951;2021-12-01
82;1.5;31;250000;6982;2021-12-01
84;2.5;48;310000;6982;2021-12-01
85;2.5;54;355000;6982;2021-12-01
86;2.5;61;420000;6982;2021-12-01
87;2.5;71;455000;6982;2021-12-01
88;4.5;130;520000;6982;2021-12-01
89;2.5;83;550000;6982;2021-12-01
90;5.5;100;585000;6982;2021-12-01
92;3.5;98;590000;6982;2021-12-01
93;4.5;140;600000;6982;2021-12-01
95;3.5;110;650000;6982;2021-12-01
97;3.5;95;695000;6982;2021-12-01
98;3.5;118;745000;6982;2021-12-01
99;3.5;105;745000;6982;2021-12-01
101;3.5;107;775000;6982;2021-12-01
102;3.5;86;775000;6982;2021-12-01
103;3.5;100;775000;6982;2021-12-01
104;4.5;139;788000;6982;2021-12-01
105;3.5;117;790000;6982;2021-12-01
106;4.5;149;795000;6982;2021-12-01
107;4.5;128;814700;6982;2021-12-01
108;4.5;130;820000;6982;2021-12-01
109;3.5;118;830000;6982;2021-12-01
110;3.5;112;890000;6982;2021-12-01
111;4.5;112;994000;6982;2021-12-01
112;4.5;157;1080000;6982;2021-12-01
113;5.0;130;1190000;6982;2021-12-01
114;4.5;238;1450000;6982;2021-12-01
115;5.5;175;1480000;6982;2021-12-01
116;4.5;160;1550000;6982;2021-12-01
118;3.5;115;760000;6990;2021-12-01
120;3.5;80;605000;6927;2021-12-01
121;2.5;77;650000;6927;2021-12-01
122;3.5;95;680000;6927;2021-12-01
123;3.5;105;840000;6927;2021-12-01
124;4.5;115;980000;6927;2021-12-01
125;4.5;110;980000;6927;2021-12-01
127;3.5;126;1130000;6927;2021-12-01
130;3.5;168;1490000;6927;2021-12-01
132;3.0;114;1936000;6927;2021-12-01
133;3.5;126;2150000;6927;2021-12-01
134;3.5;209;2919000;6927;2021-12-01
137;2.5;48;268000;1860;2021-12-01
138;2.5;60;359000;1860;2021-12-01
139;2.5;60;365000;1860;2021-12-01
140;2.5;60;365000;1860;2021-12-01
141;2.5;60;365000;1860;2021-12-01
142;2.5;60;367000;1860;2021-12-01
143;2.5;65;380000;1860;2021-12-01
144;2.5;66;380000;1860;2021-12-01
145;2.5;54;380000;1860;2021-12-01
146;2.5;66;383000;1860;2021-12-01
147;2.5;66;383000;1860;2021-12-01
148;2.5;60;383000;1860;2021-12-01
149;2.5;63;384000;1860;2021-12-01
150;2.5;63;390000;1860;2021-12-01
151;2.5;67;392000;1860;2021-12-01
152;2.5;67;402000;1860;2021-12-01
153;2.5;67;409000;1860;2021-12-01
154;2.5;67;409000;1860;2021-12-01
155;2.5;67;410000;1860;2021-12-01
156;2.5;63;425000;1860;2021-12-01
157;2.5;61;425000;1860;2021-12-01
158;2.5;66;430000;1860;2021-12-01
159;2.5;61;430000;1860;2021-12-01
160;2.5;67;448000;1860;2021-12-01
161;3.5;76;456500;1860;2021-12-01
162;3.5;76;456500;1860;2021-12-01
163;3.5;76;456500;1860;2021-12-01
164;3.5;76;456500;1860;2021-12-01
165;3.5;76;456500;1860;2021-12-01
166;3.5;83;456500;1860;2021-12-01
167;3.5;84;456500;1860;2021-12-01
168;3.5;83;456500;1860;2021-12-01
169;3.5;83;456500;1860;2021-12-01
170;3.5;83;456500;1860;2021-12-01
171;3.5;83;456500;1860;2021-12-01
172;3.5;83;456500;1860;2021-12-01
173;3.5;76;456500;1860;2021-12-01
174;3.5;77;462000;1860;2021-12-01
175;3.5;84;462000;1860;2021-12-01
176;3.5;84;462000;1860;2021-12-01
177;3.5;79;480000;1860;2021-12-01
178;3.5;79;480000;1860;2021-12-01
179;2.5;74;495000;1860;2021-12-01
180;3.5;76;510000;1860;2021-12-01
181;3.5;94;595000;1860;2021-12-01
182;3.5;76;595000;1860;2021-12-01
183;4.5;102;630000;1860;2021-12-01
184;4.5;109;690000;1860;2021-12-01
185;4.5;108;702000;1860;2021-12-01
186;4.5;108;714000;1860;2021-12-01
187;4.5;108;737000;1860;2021-12-01
188;4.0;97;700000;1288;2021-12-01
189;3.5;90;149000;6780;2021-12-01
190;3.5;65;149000;6780;2021-12-01
191;6.5;179;190000;6780;2021-12-01
192;2.0;40;190000;6780;2021-12-01
193;4.5;115;680000;6248;2021-12-01
194;4.5;152;970000;6248;2021-12-01
195;2.5;51;135000;3955;2021-12-01
196;3.0;65;185000;3955;2021-12-01
197;3.5;85;318000;3955;2021-12-01
200;3.5;114;629000;3473;2021-12-01
201;2.5;71;510000;6974;2021-12-01
202;2.5;73;510000;6974;2021-12-01
203;2.5;73;550000;6974;2021-12-01
204;3.5;90;620000;6974;2021-12-01
205;3.0;90;620000;6974;2021-12-01
208;3.5;100;1100000;6974;2021-12-01
209;3.5;105;1280000;6974;2021-12-01
210;4.0;115;1630000;6974;2021-12-01
212;5.5;197;1670000;6974;2021-12-01
213;5.5;197;1670000;6974;2021-12-01
214;4.5;171;3251000;6974;2021-12-01
216;4.5;149;3251000;6974;2021-12-01
218;4.5;233;5950000;6974;2021-12-01
219;5.0;277;6300000;6974;2021-12-01
224;4.5;151;835000;9239;2021-12-01
225;3.5;87;545000;9249;2021-12-01
226;3.5;98;560000;9249;2021-12-01
227;4.5;100;470000;2942;2021-12-01
228;4.5;100;502000;2942;2021-12-01
229;5.5;132;550000;2942;2021-12-01
230;2.0;48;455000;4123;2021-12-01
231;3.5;70;485000;4123;2021-12-01
232;3.5;65;490000;4123;2021-12-01
233;3.5;74;590000;4123;2021-12-01
234;3.5;79;679000;4123;2021-12-01
235;4.5;101;740000;4123;2021-12-01
236;4.0;100;840000;4123;2021-12-01
237;4.5;97;890000;4123;2021-12-01
238;2.5;89;890000;4123;2021-12-01
239;3.5;95;1050000;4123;2021-12-01
240;4.5;110;1095000;4123;2021-12-01
241;3.5;160;1495000;4123;2021-12-01
242;5.5;150;1180000;6055;2021-12-01
243;2.5;82;640000;6053;2021-12-01
244;3.5;93;675000;6053;2021-12-01
245;4.5;110;813000;6053;2021-12-01
246;3.5;150;1500000;6053;2021-12-01
247;4.5;110;765000;8849;2021-12-01
248;1.5;34;316000;6460;2021-12-01
249;2.5;59;532000;6460;2021-12-01
250;2.5;63;558000;6460;2021-12-01
251;2.5;63;562000;6460;2021-12-01
252;2.5;60;567000;6460;2021-12-01
253;2.5;64;575000;6460;2021-12-01
254;2.5;64;580000;6460;2021-12-01
255;3.5;102;640000;6460;2021-12-01
256;4.5;117;710000;6460;2021-12-01
257;4.5;125;710000;6460;2021-12-01
258;4.5;125;720000;6460;2021-12-01
259;4.5;125;720000;6460;2021-12-01
260;4.5;123;725000;6460;2021-12-01
261;3.5;82;738000;6460;2021-12-01
262;4.5;117;740000;6460;2021-12-01
263;4.5;117;750000;6460;2021-12-01
264;3.5;78;750000;6460;2021-12-01
265;3.5;97;831000;6460;2021-12-01
266;5.5;134;890000;6460;2021-12-01
267;5.0;141;1040000;6460;2021-12-01
268;4.5;119;1250000;6460;2021-12-01
270;4.5;171;2350000;8852;2021-12-01
272;4.5;135;920000;8479;2021-12-01
273;5.5;188;930000;8479;2021-12-01
274;3.5;111;595000;8573;2021-12-01
275;3.5;111;610000;8573;2021-12-01
276;5.5;120;585000;6246;2021-12-01
278;2.5;75;445000;9450;2021-12-01
279;3.5;100;565000;9450;2021-12-01
280;4.5;121;655000;9450;2021-12-01
281;4.5;172;890000;9450;2021-12-01
283;3.5;110;350000;9450;2021-12-01
284;3.5;76;360000;9450;2021-12-01
285;3.5;72;385000;9450;2021-12-01
286;4.5;100;235000;6775;2021-12-01
287;3.5;89;415000;8873;2021-12-01
288;3.5;140;795000;8873;2021-12-01
289;3.5;140;795000;8873;2021-12-01
290;4.5;137;1140000;8873;2021-12-01
291;5.5;230;1190000;8873;2021-12-01
292;5.5;230;1190000;8873;2021-12-01
293;2.5;53;258000;3963;2021-12-01
294;3.0;58;400000;3963;2021-12-01
295;4.0;142;990000;3963;2021-12-01
296;4.0;120;130000;3257;2021-12-01
297;3.5;70;315000;8580;2021-12-01
298;4.5;99;375000;8580;2021-12-01
299;3.5;85;390000;8580;2021-12-01
300;4.5;92;430000;8580;2021-12-01
301;3.5;95;438000;8580;2021-12-01
302;3.5;95;440000;8580;2021-12-01
303;5.5;120;480000;8580;2021-12-01
304;3.5;91;640000;8580;2021-12-01
305;5.5;145;675000;8580;2021-12-01
306;6.0;145;770000;8580;2021-12-01
307;3.5;103;770000;8580;2021-12-01
308;4.5;110;790000;8580;2021-12-01
309;3.5;84;530000;6474;2021-12-01
310;1.5;36;290000;7440;2021-12-01
311;4.5;80;498000;7440;2021-12-01
312;2.5;65;500000;8450;2021-12-01
313;4.5;123;790000;8450;2021-12-01
314;3.5;81;790000;8450;2021-12-01
315;4.5;110;880000;8450;2021-12-01
316;5.5;125;890000;8450;2021-12-01
317;7.5;255;2100000;8450;2021-12-01
318;1.5;24;498000;6490;2021-12-01
319;1.5;35;570000;6490;2021-12-01
320;2.5;55;925000;6490;2021-12-01
321;2.5;60;950000;6490;2021-12-01
322;2.5;77;1190000;6490;2021-12-01
323;2.5;91;1450000;6490;2021-12-01
324;2.0;87;1849900;6490;2021-12-01
325;3.5;127;1900000;6490;2021-12-01
326;2.5;105;1980000;6490;2021-12-01
327;2.5;95;2100000;6490;2021-12-01
328;4.5;120;2250000;6490;2021-12-01
329;4.5;120;2250000;6490;2021-12-01
330;1.5;126;2690000;6490;2021-12-01
331;2.5;106;2750000;6490;2021-12-01
332;2.5;106;2800000;6490;2021-12-01
333;3.0;125;2999000;6490;2021-12-01
334;3.0;137;3399900;6490;2021-12-01
335;3.5;192;3780000;6490;2021-12-01
337;2.5;46;854900;6490;2021-12-01
338;4.5;120;2250000;6490;2021-12-01
339;2.5;78;453000;9204;2021-12-01
340;2.5;78;453000;9204;2021-12-01
341;3.5;81;595000;9204;2021-12-01
342;3.5;97;612000;9204;2021-12-01
343;4.5;122;736400;9204;2021-12-01
344;4.5;122;756400;9204;2021-12-01
345;5.5;138;865000;9204;2021-12-01
346;3.0;51;735000;1247;2021-12-01
347;3.0;96;890000;1247;2021-12-01
348;4.0;97;1100000;1247;2021-12-01
349;4.0;79;1105000;1247;2021-12-01
350;5.0;166;1790000;1247;2021-12-01
352;4.5;100;100000;6748;2021-12-01
353;1.0;23;89000;1972;2021-12-01
354;2.0;45;189000;1972;2021-12-01
355;2.5;56;240000;1972;2021-12-01
356;2.5;50;299000;1972;2021-12-01
357;1.5;42;300000;1972;2021-12-01
358;2.5;47;305000;1972;2021-12-01
359;3.0;61;349000;1972;2021-12-01
360;3.5;66;395000;1972;2021-12-01
361;3.5;80;399000;1972;2021-12-01
362;3.5;60;425000;1972;2021-12-01
363;3.5;66;440000;1972;2021-12-01
364;3.5;66;465000;1972;2021-12-01
365;3.5;70;470000;1972;2021-12-01
366;3.5;75;480000;1972;2021-12-01
367;2.5;76;480000;1972;2021-12-01
368;3.5;76;482000;1972;2021-12-01
369;3.5;75;490000;1972;2021-12-01
370;3.5;75;500000;1972;2021-12-01
371;3.5;76;502000;1972;2021-12-01
372;3.5;75;510000;1972;2021-12-01
373;3.5;76;512000;1972;2021-12-01
374;3.5;75;530000;1972;2021-12-01
376;5.0;125;560000;1972;2021-12-01
377;4.5;201;560000;1972;2021-12-01
378;4.5;95;600000;1972;2021-12-01
379;4.5;90;605000;1972;2021-12-01
380;5.5;160;620000;1972;2021-12-01
381;5.0;160;620000;1972;2021-12-01
382;4.5;95;620000;1972;2021-12-01
384;4.5;95;655000;1972;2021-12-01
385;4.5;95;655000;1972;2021-12-01
386;5.0;160;660000;1972;2021-12-01
387;5.0;150;660000;1972;2021-12-01
388;5.0;150;660000;1972;2021-12-01
389;5.5;150;815000;1972;2021-12-01
390;7.0;175;850000;1972;2021-12-01
391;4.5;146;915000;1972;2021-12-01
392;4.5;146;935000;1972;2021-12-01
393;6.5;352;3150000;1972;2021-12-01
395;2.5;80;366000;1994;2021-12-01
396;3.5;90;404000;1994;2021-12-01
397;4.5;162;654000;1994;2021-12-01
398;2.5;72;290000;1994;2021-12-01
399;2.5;63;299000;1994;2021-12-01
400;2.5;62;336000;1994;2021-12-01
401;2.0;62;336000;1994;2021-12-01
402;2.5;79;341400;1994;2021-12-01
403;2.5;62;345000;1994;2021-12-01
404;2.5;62;348000;1994;2021-12-01
405;2.0;63;348000;1994;2021-12-01
406;2.0;63;356000;1994;2021-12-01
407;2.5;63;366000;1994;2021-12-01
408;2.5;80;366000;1994;2021-12-01
409;2.5;80;366000;1994;2021-12-01
410;2.5;70;370000;1994;2021-12-01
411;2.5;63;374000;1994;2021-12-01
412;2.5;62;374000;1994;2021-12-01
413;2.5;107;374000;1994;2021-12-01
414;2.5;82;374000;1994;2021-12-01
415;2.5;62;374000;1994;2021-12-01
416;2.5;62;374000;1994;2021-12-01
417;2.5;62;374000;1994;2021-12-01
418;2.5;62;374000;1994;2021-12-01
419;2.0;62;374000;1994;2021-12-01
420;2.0;62;374000;1994;2021-12-01
421;3.5;74;389000;1994;2021-12-01
422;3.5;90;404000;1994;2021-12-01
423;3.5;77;404000;1994;2021-12-01
424;3.5;77;404000;1994;2021-12-01
425;3.5;99;439000;1994;2021-12-01
426;3.5;88;492000;1994;2021-12-01
427;3.5;107;492000;1994;2021-12-01
428;3.5;105;600000;1994;2021-12-01
429;3.0;105;600000;1994;2021-12-01
430;3.5;98;605000;1994;2021-12-01
431;3.0;98;605000;1994;2021-12-01
432;3.5;105;613000;1994;2021-12-01
433;3.5;130;613000;1994;2021-12-01
434;3.0;105;613000;1994;2021-12-01
435;3.5;105;619000;1994;2021-12-01
436;4.5;123;649000;1994;2021-12-01
437;4.5;122;654000;1994;2021-12-01
438;4.5;141;658000;1994;2021-12-01
439;4.5;122;659000;1994;2021-12-01
440;4.5;122;659000;1994;2021-12-01
441;4.5;143;659000;1994;2021-12-01
442;3.5;167;752000;1994;2021-12-01
443;3.5;105;752000;1994;2021-12-01
444;3.0;105;752000;1994;2021-12-01
445;5.5;220;790000;6719;2021-12-01
446;3.5;86;440000;1974;2021-12-01
447;3.5;107;495000;1974;2021-12-01
448;3.5;107;495000;1974;2021-12-01
449;3.5;113;495000;1974;2021-12-01
450;3.5;86;495000;1974;2021-12-01
451;3.5;85;495000;1974;2021-12-01
452;3.5;85;495000;1974;2021-12-01
453;3.5;86;495000;1974;2021-12-01
454;3.5;108;548000;1974;2021-12-01
455;3.5;108;548000;1974;2021-12-01
456;4.5;120;590000;1974;2021-12-01
457;4.5;120;590000;1974;2021-12-01
458;5.5;156;768000;1974;2021-12-01
459;5.5;156;768000;1974;2021-12-01
460;3.5;162;985000;1974;2021-12-01
461;4.5;130;450000;6517;2021-12-01
462;3.5;88;515000;6517;2021-12-01
463;4.5;102;565000;6517;2021-12-01
464;4.5;107;625000;6517;2021-12-01
465;4.5;120;655000;6517;2021-12-01
466;5.5;140;660000;6517;2021-12-01
467;4.5;142;690000;6517;2021-12-01
468;4.5;125;690000;6517;2021-12-01
470;4.5;140;820000;6517;2021-12-01
472;3.5;86;390350;6517;2021-12-01
473;4.5;200;790000;6532;2021-12-01
474;3.5;80;350000;9320;2021-12-01
476;4.5;95;465000;9320;2021-12-01
477;4.5;110;475000;9320;2021-12-01
478;4.5;103;495000;9320;2021-12-01
479;4.5;117;560000;9320;2021-12-01
480;4.5;135;635000;9320;2021-12-01
481;4.5;126;810000;9320;2021-12-01
484;3.5;70;460000;6618;2021-12-01
485;4.5;145;680000;6618;2021-12-01
486;3.5;101;695000;3296;2021-12-01
487;4.5;90;485000;1732;2021-12-01
488;5.5;127;930000;1732;2021-12-01
489;5.5;127;930000;1732;2021-12-01
490;5.5;124;930000;1732;2021-12-01
491;1.0;40;158000;1957;2021-12-01
492;1.0;40;158000;1957;2021-12-01
493;1.5;40;168000;1957;2021-12-01
494;1.5;40;168000;1957;2021-12-01
495;1.0;32;175000;1957;2021-12-01
496;1.5;57;190000;1957;2021-12-01
497;1.5;49;196200;1957;2021-12-01
498;1.5;49;196200;1957;2021-12-01
499;1.0;49;196200;1957;2021-12-01
500;1.0;58;247000;1957;2021-12-01
501;3.5;100;270000;1957;2021-12-01
502;2.5;64;288000;1957;2021-12-01
503;2.5;73;288000;1957;2021-12-01
504;4.5;98;290000;1957;2021-12-01
505;2.0;64;296000;1957;2021-12-01
506;2.5;74;299000;1957;2021-12-01
507;3.5;73;306495;1957;2021-12-01
508;3.5;73;306495;1957;2021-12-01
509;3.5;73;306495;1957;2021-12-01
510;2.5;57;310000;1957;2021-12-01
511;2.5;55;310000;1957;2021-12-01
512;3.5;76;312000;1957;2021-12-01
513;3.5;73;312000;1957;2021-12-01
514;3.5;73;312000;1957;2021-12-01
515;3.5;73;312000;1957;2021-12-01
516;2.5;71;313950;1957;2021-12-01
517;2.5;71;313950;1957;2021-12-01
518;2.5;71;313950;1957;2021-12-01
519;3.5;76;320880;1957;2021-12-01
520;3.5;76;320880;1957;2021-12-01
521;3.5;76;320880;1957;2021-12-01
522;3.5;77;321405;1957;2021-12-01
523;3.5;76;321405;1957;2021-12-01
524;2.5;74;325710;1957;2021-12-01
525;2.5;74;325710;1957;2021-12-01
526;2.5;74;325710;1957;2021-12-01
527;3.5;89;388000;1957;2021-12-01
528;3.5;101;388000;1957;2021-12-01
529;3.5;100;388000;1957;2021-12-01
530;3.5;100;399000;1957;2021-12-01
531;3.5;100;415000;1957;2021-12-01
532;3.5;100;415000;1957;2021-12-01
533;3.5;100;415000;1957;2021-12-01
534;3.5;87;450000;1957;2021-12-01
535;4.5;113;472000;1957;2021-12-01
536;4.5;125;472000;1957;2021-12-01
537;4.5;125;472000;1957;2021-12-01
538;4.5;125;472000;1957;2021-12-01
539;4.5;125;472000;1957;2021-12-01
540;3.5;120;488000;1957;2021-12-01
541;3.5;104;490000;1957;2021-12-01
542;3.5;97;500000;1957;2021-12-01
543;3.5;82;525000;1957;2021-12-01
544;3.5;82;525000;1957;2021-12-01
545;3.5;121;530000;1957;2021-12-01
546;4.5;105;575000;1957;2021-12-01
547;4.5;105;575000;1957;2021-12-01
548;3.5;100;589400;1957;2021-12-01
549;3.5;93;595000;1957;2021-12-01
550;4.5;136;630000;1957;2021-12-01
551;4.5;137;645000;1957;2021-12-01
552;4.5;137;650000;1957;2021-12-01
553;4.5;111;659000;1957;2021-12-01
554;4.5;105;659000;1957;2021-12-01
555;4.0;125;720000;1957;2021-12-01
556;6.5;228;809000;1957;2021-12-01
557;5.5;155;850000;1957;2021-12-01
558;4.5;155;850000;1957;2021-12-01
559;4.5;169;900000;1957;2021-12-01
560;6.5;215;895000;4422;2021-12-01
561;4.5;146;670000;5628;2021-12-01
562;3.5;129;870000;5628;2021-12-01
563;4.5;114;920000;5628;2021-12-01
564;5.5;148;1100000;5628;2021-12-01
565;4.5;86;585000;4144;2021-12-01
566;3.5;109;1120000;4144;2021-12-01
567;6.5;198;1375000;4144;2021-12-01
568;7.5;214;1540000;4144;2021-12-01
569;4.5;190;1540000;4144;2021-12-01
570;5.5;202;2450000;4144;2021-12-01
572;2.5;57;438000;9212;2021-12-01
573;4.5;110;425000;6822;2021-12-01
574;2.5;33;279000;6823;2021-12-01
575;2.5;33;279000;6823;2021-12-01
576;4.5;101;1150000;7050;2021-12-01
579;3.5;139;790000;6939;2021-12-01
580;2.5;55;375000;1884;2021-12-01
581;3.0;102;550000;1884;2021-12-01
582;3.5;100;750000;1884;2021-12-01
583;3.5;120;800000;1884;2021-12-01
584;3.5;120;800000;1884;2021-12-01
585;3.5;120;990000;1884;2021-12-01
586;5.5;169;1230000;1273;2021-12-01
587;5.5;169;1230000;1273;2021-12-01
588;4.5;132;1895000;1273;2021-12-01
591;5.5;110;495000;6864;2021-12-01
592;2.5;50;280000;6612;2021-12-01
594;2.5;73;430000;6612;2021-12-01
595;2.5;73;430000;6612;2021-12-01
597;2.5;56;470000;6612;2021-12-01
598;2.5;58;490000;6612;2021-12-01
599;2.5;67;580000;6612;2021-12-01
600;2.5;76;590000;6612;2021-12-01
601;2.5;70;595000;6612;2021-12-01
602;3.5;85;620000;6612;2021-12-01
603;2.0;65;620000;6612;2021-12-01
604;2.5;65;660000;6612;2021-12-01
605;3.5;95;665000;6612;2021-12-01
606;3.5;85;670000;6612;2021-12-01
607;3.5;85;670000;6612;2021-12-01
608;3.5;80;675000;6612;2021-12-01
609;3.5;94;685000;6612;2021-12-01
610;3.5;90;685000;6612;2021-12-01
611;3.5;93;695000;6612;2021-12-01
612;2.5;76;695000;6612;2021-12-01
613;3.5;95;710000;6612;2021-12-01
614;3.5;95;710000;6612;2021-12-01
615;2.5;84;841500;6612;2021-12-01
616;3.5;77;850000;6612;2021-12-01
617;4.0;104;890000;6612;2021-12-01
618;3.5;90;890000;6612;2021-12-01
619;2.5;71;890000;6612;2021-12-01
621;4.5;170;920000;6612;2021-12-01
622;3.5;79;980000;6612;2021-12-01
623;3.5;79;980000;6612;2021-12-01
624;2.5;80;980000;6612;2021-12-01
625;2.5;80;980000;6612;2021-12-01
626;3.5;89;1140000;6612;2021-12-01
627;2.5;80;1150000;6612;2021-12-01
628;3.0;90;1170000;6612;2021-12-01
629;4.5;196;1190000;6612;2021-12-01
630;4.5;196;1190000;6612;2021-12-01
632;3.5;130;1190000;6612;2021-12-01
633;3.5;104;1200000;6612;2021-12-01
634;3.5;122;1215500;6612;2021-12-01
635;3.5;110;1230000;6612;2021-12-01
636;4.5;132;1250000;6612;2021-12-01
637;3.5;120;1250000;6612;2021-12-01
638;2.5;90;1250000;6612;2021-12-01
639;3.5;92;1270000;6612;2021-12-01
640;5.5;160;1350000;6612;2021-12-01
641;3.5;92;1350000;6612;2021-12-01
642;4.5;100;1370000;6612;2021-12-01
644;4.5;135;1590000;6612;2021-12-01
645;3.5;106;1650000;6612;2021-12-01
646;4.0;133;1850000;6612;2021-12-01
647;4.5;157;1875000;6612;2021-12-01
648;3.5;135;1890000;6612;2021-12-01
649;4.5;170;1900000;6612;2021-12-01
650;4.5;145;1950000;6612;2021-12-01
651;4.0;130;1973000;6612;2021-12-01
652;4.0;130;1973000;6612;2021-12-01
653;4.5;194;2100000;6612;2021-12-01
654;4.0;132;2160000;6612;2021-12-01
655;4.5;208;2180220;6612;2021-12-01
656;4.5;140;2300000;6612;2021-12-01
657;4.5;152;2300000;6612;2021-12-01
658;4.5;197;2363520;6612;2021-12-01
659;5.5;220;2500000;6612;2021-12-01
660;5.5;207;2800000;6612;2021-12-01
668;2.5;60;275000;6999;2021-12-01
669;3.5;75;475000;6999;2021-12-01
670;6.5;135;750000;6999;2021-12-01
671;3.5;99;730000;1616;2021-12-01
673;2.5;70;670000;8544;2021-12-01
674;3.5;86;790000;8544;2021-12-01
675;4.5;109;995000;8544;2021-12-01
676;5.5;140;1290000;8544;2021-12-01
677;5.5;232;1920000;4536;2021-12-01
678;3.0;72;370000;9434;2021-12-01
679;4.5;144;1320000;9434;2021-12-01
680;7.0;240;1550000;1170;2021-12-01
681;4.5;266;2100000;1170;2021-12-01
682;5.5;314;2400000;1170;2021-12-01
683;9.5;66;15800000;6547;2021-12-01
684;4.5;116;713000;1484;2021-12-01
685;3.5;116;890000;8331;2021-12-01
686;3.5;85;784000;2012;2021-12-01
687;3.5;95;877000;2012;2021-12-01
688;3.5;95;877000;2012;2021-12-01
690;4.5;77;340000;1580;2021-12-01
691;2.5;58;410000;1580;2021-12-01
692;3.5;82;530000;1580;2021-12-01
693;4.5;108;585000;1580;2021-12-01
695;4.5;114;690000;9478;2021-12-01
696;3.5;121;770000;9478;2021-12-01
697;3.5;150;799000;9478;2021-12-01
698;4.5;168;1190000;9478;2021-12-01
701;4.5;123;1680000;6340;2021-12-01
702;3.5;125;1695000;6340;2021-12-01
703;4.5;120;1750000;6340;2021-12-01
704;6.5;200;2280000;6340;2021-12-01
705;3.5;115;558000;1996;2021-12-01
706;4.5;123;585000;1996;2021-12-01
707;3.5;72;740000;8184;2021-12-01
708;4.5;147;895000;8184;2021-12-01
709;5.5;156;1100000;8164;2021-12-01
710;3.5;99;850000;7310;2021-12-01
711;3.5;86;865000;7310;2021-12-01
712;3.5;110;940000;7310;2021-12-01
713;6.5;204;1590000;7310;2021-12-01
714;2.5;72;490000;5330;2021-12-01
715;3.5;86;495000;5330;2021-12-01
716;5.5;175;570000;5330;2021-12-01
717;4.5;113;635000;5330;2021-12-01
718;4.5;126;1150000;5330;2021-12-01
719;3.5;91;465000;5400;2021-12-01
720;4.0;77;495000;5400;2021-12-01
721;4.5;95;560000;5400;2021-12-01
722;3.5;91;560000;5400;2021-12-01
723;4.0;80;600000;5400;2021-12-01
724;4.5;160;2650000;5400;2021-12-01
725;4.5;99;740000;5406;2021-12-01
729;2.5;66;300000;6828;2021-12-01
730;2.5;50;300000;6828;2021-12-01
732;2.5;69;310000;6828;2021-12-01
734;2.5;68;360000;6828;2021-12-01
735;2.5;90;360000;6828;2021-12-01
736;2.0;50;360000;6828;2021-12-01
737;3.5;90;365000;6828;2021-12-01
739;2.5;75;383000;6828;2021-12-01
740;2.5;70;395500;6828;2021-12-01
741;2.5;73;410000;6828;2021-12-01
742;2.5;68;410000;6828;2021-12-01
743;2.5;79;410000;6828;2021-12-01
745;3.5;90;440000;6828;2021-12-01
746;2.0;61;445000;6828;2021-12-01
747;3.5;95;450000;6828;2021-12-01
748;3.5;80;465000;6828;2021-12-01
749;3.5;89;470000;6828;2021-12-01
750;3.5;90;495000;6828;2021-12-01
751;3.5;96;515500;6828;2021-12-01
752;3.5;95;520000;6828;2021-12-01
753;3.5;99;520000;6828;2021-12-01
755;3.5;104;530000;6828;2021-12-01
756;3.5;109;530000;6828;2021-12-01
757;3.5;90;570000;6828;2021-12-01
758;3.5;94;590000;6828;2021-12-01
759;4.5;131;595000;6828;2021-12-01
760;3.5;127;610000;6828;2021-12-01
761;4.5;127;635000;6828;2021-12-01
763;5.0;136;850000;6828;2021-12-01
764;2.5;210;1290000;6828;2021-12-01
766;11.0;306;1675000;6828;2021-12-01
768;3.5;122;675000;9436;2021-12-01
769;3.5;100;1250000;9436;2021-12-01
770;4.5;144;1650000;9436;2021-12-01
771;2.5;124;530000;1338;2021-12-01
772;4.5;112;845000;6275;2021-12-01
773;3.5;101;590000;4710;2021-12-01
774;2.5;69;445000;6917;2021-12-01
775;3.5;120;620000;6917;2021-12-01
776;3.5;101;680000;6917;2021-12-01
777;3.5;120;699000;6917;2021-12-01
778;4.5;131;821000;6917;2021-12-01
779;4.0;111;950000;6917;2021-12-01
780;5.5;320;1980000;6917;2021-12-01
782;3.5;124;1250000;4051;2021-12-01
783;4.0;73;680000;4052;2021-12-01
784;3.5;67;675000;4053;2021-12-01
785;2.5;55;795000;4054;2021-12-01
786;2.5;68;960000;4054;2021-12-01
787;5.5;151;1250000;4054;2021-12-01
788;6.0;146;1398000;4054;2021-12-01
789;4.5;127;1750000;4054;2021-12-01
790;3.5;200;2450000;4054;2021-12-01
791;4.5;91;1090000;4055;2021-12-01
792;1.0;34;440000;4056;2021-12-01
793;3.5;85;520000;4056;2021-12-01
794;3.5;74;730000;4056;2021-12-01
795;3.5;65;515000;4057;2021-12-01
796;4.5;109;1290000;4057;2021-12-01
798;4.5;111;1380000;4058;2021-12-01
799;5.5;130;1490000;4058;2021-12-01
800;2.5;80;1190000;4059;2021-12-01
801;3.5;94;1280000;4059;2021-12-01
802;3.5;94;1310000;4059;2021-12-01
803;4.5;123;1480000;4059;2021-12-01
804;3.5;114;1590000;4059;2021-12-01
807;4.0;96;150000;1966;2021-12-01
808;4.5;130;490000;1996;2021-12-01
809;4.5;115;540000;1996;2021-12-01
810;4.5;190;797000;1996;2021-12-01
812;2.5;54;320000;2854;2021-12-01
813;4.5;85;375000;2854;2021-12-01
814;4.5;85;375000;2854;2021-12-01
815;3.5;74;385000;2854;2021-12-01
816;4.5;126;490000;2854;2021-12-01
817;4.5;95;495000;2854;2021-12-01
818;4.5;103;506000;2854;2021-12-01
819;5.5;126;595000;2854;2021-12-01
822;4.5;113;995000;8303;2021-12-01
823;3.5;98;945000;8303;2021-12-01
824;3.5;72;750000;1269;2021-12-01
825;2.5;61;485000;1372;2021-12-01
826;3.5;83;640000;1372;2021-12-01
827;3.5;89;685000;1372;2021-12-01
828;3.5;89;695000;1372;2021-12-01
829;4.5;113;750000;1372;2021-12-01
830;3.5;99;755000;1372;2021-12-01
831;3.5;99;765000;1372;2021-12-01
832;4.5;142;980000;1372;2021-12-01
834;4.5;128;765000;9602;2021-12-01
835;2.5;49;360000;3803;2021-12-01
836;5.5;145;700000;3803;2021-12-01
837;5.5;139;1800000;6375;2021-12-01
838;2.5;63;490000;6930;2021-12-01
839;2.5;75;530000;6930;2021-12-01
840;4.5;120;690000;6930;2021-12-01
841;3.5;88;720000;6930;2021-12-01
842;3.5;90;755000;6930;2021-12-01
843;3.5;90;780000;6930;2021-12-01
844;4.5;130;915000;6930;2021-12-01
845;4.5;130;970000;6930;2021-12-01
847;1.0;800;2950000;6781;2021-12-01
849;2.5;65;915000;1268;2021-12-01
850;2.5;64;995000;1268;2021-12-01
851;2.5;64;995000;1268;2021-12-01
852;3.5;84;1058000;1268;2021-12-01
853;3.5;84;1058000;1268;2021-12-01
854;3.5;83;1120000;1268;2021-12-01
855;3.5;86;1133000;1268;2021-12-01
856;4.0;94;1350000;1268;2021-12-01
857;5.5;123;1410000;1268;2021-12-01
858;5.5;121;1420000;1268;2021-12-01
859;5.5;121;1420000;1268;2021-12-01
860;4.5;114;1480000;1268;2021-12-01
861;4.5;111;1490000;1268;2021-12-01
862;4.5;111;1490000;1268;2021-12-01
863;4.5;127;1770000;1268;2021-12-01
864;4.5;127;1770000;1268;2021-12-01
865;5.5;140;2595000;1268;2021-12-01
866;5.5;141;2595000;1268;2021-12-01
867;2.5;76;525000;5712;2021-12-01
868;4.5;109;770000;5712;2021-12-01
870;4.5;126;795000;5712;2021-12-01
871;4.5;131;940000;5712;2021-12-01
873;3.5;86;390000;4512;2021-12-01
874;5.5;119;485000;4512;2021-12-01
875;3.5;90;720000;4512;2021-12-01
876;4.5;125;690000;1585;2021-12-01
877;6.0;200;1790000;1293;2021-12-01
879;2.5;55;295000;6500;2021-12-01
880;1.5;34;340000;6500;2021-12-01
881;2.5;62;370000;6500;2021-12-01
882;2.5;57;375000;6500;2021-12-01
883;2.5;58;380000;6500;2021-12-01
884;3.5;80;395000;6500;2021-12-01
885;2.5;62;400000;6500;2021-12-01
886;2.5;62;400000;6500;2021-12-01
888;2.5;68;410000;6500;2021-12-01
889;2.5;57;415000;6500;2021-12-01
890;2.5;57;415000;6500;2021-12-01
891;2.5;75;415000;6500;2021-12-01
892;2.5;63;420000;6500;2021-12-01
893;2.5;60;420000;6500;2021-12-01
894;2.5;63;420000;6500;2021-12-01
895;2.5;60;420000;6500;2021-12-01
896;2.5;62;425000;6500;2021-12-01
897;2.5;69;428000;6500;2021-12-01
898;2.5;63;440000;6500;2021-12-01
899;2.5;60;440000;6500;2021-12-01
900;2.5;63;440000;6500;2021-12-01
901;2.5;60;440000;6500;2021-12-01
902;5.5;95;450000;6500;2021-12-01
904;4.5;113;465000;6500;2021-12-01
905;3.5;102;490000;6500;2021-12-01
906;3.5;95;495000;6500;2021-12-01
907;3.5;112;525000;6500;2021-12-01
908;3.5;105;530000;6500;2021-12-01
909;3.5;105;540000;6500;2021-12-01
910;2.5;60;550000;6500;2021-12-01
911;3.5;85;565000;6500;2021-12-01
912;3.5;85;565000;6500;2021-12-01
913;3.5;108;565000;6500;2021-12-01
914;3.5;98;575000;6500;2021-12-01
915;3.5;98;575000;6500;2021-12-01
916;3.5;115;580000;6500;2021-12-01
917;2.5;79;580000;6500;2021-12-01
918;4.5;120;585000;6500;2021-12-01
919;3.5;120;585000;6500;2021-12-01
920;7.0;210;590000;6500;2021-12-01
921;3.5;90;598000;6500;2021-12-01
922;3.5;90;606000;6500;2021-12-01
923;4.5;114;610000;6500;2021-12-01
924;3.5;85;620000;6500;2021-12-01
925;3.5;95;623000;6500;2021-12-01
926;2.5;79;625000;6500;2021-12-01
927;2.5;117;630000;6500;2021-12-01
928;4.5;105;635000;6500;2021-12-01
929;3.5;100;640000;6500;2021-12-01
930;3.5;100;640000;6500;2021-12-01
931;3.5;97;640000;6500;2021-12-01
932;4.5;120;650000;6500;2021-12-01
933;3.5;102;650000;6500;2021-12-01
934;3.5;80;650000;6500;2021-12-01
935;4.5;133;655000;6500;2021-12-01
936;4.5;133;655000;6500;2021-12-01
937;3.5;90;656000;6500;2021-12-01
938;3.5;90;656000;6500;2021-12-01
939;4.5;110;660000;6500;2021-12-01
940;4.5;125;660000;6500;2021-12-01
941;3.5;98;660000;6500;2021-12-01
942;3.5;100;660000;6500;2021-12-01
943;3.5;100;660000;6500;2021-12-01
944;3.5;95;661000;6500;2021-12-01
945;2.5;89;665000;6500;2021-12-01
946;3.5;95;672000;6500;2021-12-01
947;3.5;95;673000;6500;2021-12-01
948;3.5;114;673000;6500;2021-12-01
949;3.5;114;673000;6500;2021-12-01
950;3.0;95;673000;6500;2021-12-01
951;3.5;103;675000;6500;2021-12-01
952;2.5;88;676000;6500;2021-12-01
953;3.5;100;680000;6500;2021-12-01
954;3.5;100;680000;6500;2021-12-01
955;3.5;100;680000;6500;2021-12-01
956;3.5;100;680000;6500;2021-12-01
957;3.5;105;680000;6500;2021-12-01
958;4.0;99;681000;6500;2021-12-01
959;4.5;108;700000;6500;2021-12-01
960;4.5;108;700000;6500;2021-12-01
962;3.5;110;700000;6500;2021-12-01
963;4.5;125;720000;6500;2021-12-01
964;3.5;119;728000;6500;2021-12-01
965;3.5;131;735000;6500;2021-12-01
966;4.5;122;740000;6500;2021-12-01
967;4.5;122;740000;6500;2021-12-01
968;9.0;210;750000;6500;2021-12-01
